participant_id,author_hits,author_missing_n,author_missing_rate,foil_false_alarms,foil_missing_n,foil_missing_rate,hits,false_alarms,standard_art_score,art_name_score
1,12.0,0,0.0,0,0,0.0,12.0,0,12.0,12.0
2,48.0,0,0.0,2,0,0.0,48.0,2,46.0,48.0
3,39.0,0,0.0,1,0,0.0,39.0,1,38.0,39.0
4,29.0,0,0.0,2,0,0.0,29.0,2,27.0,29.0
5,52.0,0,0.0,1,0,0.0,52.0,1,51.0,52.0
6,28.0,0,0.0,2,0,0.0,28.0,2,26.0,28.0
7,17.0,0,0.0,1,0,0.0,17.0,1,16.0,17.0
8,52.0,0,0.0,1,0,0.0,52.0,1,51.0,52.0
9,19.0,0,0.0,1,0,0.0,19.0,1,18.0,19.0
10,26.0,0,0.0,1,0,0.0,26.0,1,25.0,26.0
11,47.0,0,0.0,8,0,0.0,47.0,8,39.0,47.0
12,20.0,0,0.0,3,0,0.0,20.0,3,17.0,20.0
13,63.0,0,0.0,3,0,0.0,63.0,3,60.0,63.0
14,28.0,0,0.0,6,0,0.0,28.0,6,22.0,28.0
15,45.0,0,0.0,3,0,0.0,45.0,3,42.0,45.0
16,73.0,0,0.0,0,0,0.0,73.0,0,73.0,73.0
17,68.0,0,0.0,0,0,0.0,68.0,0,68.0,68.0
18,26.0,0,0.0,0,0,0.0,26.0,0,26.0,26.0
19,48.0,0,0.0,12,0,0.0,48.0,12,36.0,48.0
20,48.0,0,0.0,0,0,0.0,48.0,0,48.0,48.0
21,49.0,0,0.0,3,0,0.0,49.0,3,46.0,49.0
22,42.0,0,0.0,2,0,0.0,42.0,2,40.0,42.0
23,71.0,0,0.0,0,0,0.0,71.0,0,71.0,71.0
24,43.0,0,0.0,1,0,0.0,43.0,1,42.0,43.0
25,38.0,0,0.0,0,0,0.0,38.0,0,38.0,38.0
26,32.0,0,0.0,2,0,0.0,32.0,2,30.0,32.0
27,44.0,0,0.0,12,0,0.0,44.0,12,32.0,44.0
28,38.0,0,0.0,0,0,0.0,38.0,0,38.0,38.0
29,23.0,0,0.0,11,0,0.0,23.0,11,12.0,23.0
30,36.0,0,0.0,14,0,0.0,36.0,14,22.0,36.0
31,67.0,0,0.0,7,0,0.0,67.0,7,60.0,67.0
32,21.0,0,0.0,1,0,0.0,21.0,1,20.0,21.0
33,70.0,0,0.0,11,0,0.0,70.0,11,59.0,70.0
34,74.0,0,0.0,19,0,0.0,74.0,19,55.0,74.0
35,46.0,0,0.0,2,0,0.0,46.0,2,44.0,46.0
36,39.0,0,0.0,1,0,0.0,39.0,1,38.0,39.0
37,42.0,0,0.0,2,0,0.0,42.0,2,40.0,42.0
38,54.0,0,0.0,8,0,0.0,54.0,8,46.0,54.0
39,62.0,0,0.0,3,0,0.0,62.0,3,59.0,62.0
40,52.0,0,0.0,7,0,0.0,52.0,7,45.0,52.0
41,48.0,0,0.0,5,0,0.0,48.0,5,43.0,48.0
42,34.0,0,0.0,13,0,0.0,34.0,13,21.0,34.0
43,61.0,0,0.0,2,0,0.0,61.0,2,59.0,61.0
44,26.0,0,0.0,1,0,0.0,26.0,1,25.0,26.0
45,52.0,0,0.0,4,0,0.0,52.0,4,48.0,52.0
46,15.0,0,0.0,2,0,0.0,15.0,2,13.0,15.0
47,24.0,0,0.0,5,0,0.0,24.0,5,19.0,24.0
48,65.0,0,0.0,5,0,0.0,65.0,5,60.0,65.0
49,40.0,0,0.0,10,0,0.0,40.0,10,30.0,40.0
50,14.0,0,0.0,0,0,0.0,14.0,0,14.0,14.0
51,40.0,0,0.0,0,0,0.0,40.0,0,40.0,40.0
52,21.0,0,0.0,2,0,0.0,21.0,2,19.0,21.0
53,32.0,0,0.0,1,0,0.0,32.0,1,31.0,32.0
54,60.0,0,0.0,10,0,0.0,60.0,10,50.0,60.0
55,60.0,0,0.0,3,0,0.0,60.0,3,57.0,60.0
56,31.0,0,0.0,1,0,0.0,31.0,1,30.0,31.0
57,40.0,0,0.0,0,0,0.0,40.0,0,40.0,40.0
58,16.0,0,0.0,0,0,0.0,16.0,0,16.0,16.0
59,15.0,0,0.0,0,0,0.0,15.0,0,15.0,15.0
60,52.0,0,0.0,11,0,0.0,52.0,11,41.0,52.0
61,33.0,0,0.0,11,0,0.0,33.0,11,22.0,33.0
62,53.0,0,0.0,1,0,0.0,53.0,1,52.0,53.0
63,19.0,0,0.0,0,0,0.0,19.0,0,19.0,19.0
64,14.0,0,0.0,1,0,0.0,14.0,1,13.0,14.0
65,28.0,0,0.0,3,0,0.0,28.0,3,25.0,28.0
66,57.0,0,0.0,17,0,0.0,57.0,17,40.0,57.0
67,17.0,0,0.0,8,0,0.0,17.0,8,9.0,17.0
68,26.0,0,0.0,1,0,0.0,26.0,1,25.0,26.0
69,36.0,0,0.0,8,0,0.0,36.0,8,28.0,36.0
70,34.0,0,0.0,1,0,0.0,34.0,1,33.0,34.0
71,22.0,0,0.0,8,0,0.0,22.0,8,14.0,22.0
72,25.0,0,0.0,8,0,0.0,25.0,8,17.0,25.0
73,27.0,0,0.0,1,0,0.0,27.0,1,26.0,27.0
74,34.0,0,0.0,6,0,0.0,34.0,6,28.0,34.0
75,26.0,0,0.0,2,0,0.0,26.0,2,24.0,26.0
76,13.0,0,0.0,0,0,0.0,13.0,0,13.0,13.0
77,34.0,0,0.0,1,0,0.0,34.0,1,33.0,34.0
78,21.0,0,0.0,4,0,0.0,21.0,4,17.0,21.0
79,24.0,0,0.0,1,0,0.0,24.0,1,23.0,24.0
80,38.0,0,0.0,1,0,0.0,38.0,1,37.0,38.0
81,41.0,0,0.0,10,0,0.0,41.0,10,31.0,41.0
82,33.0,0,0.0,8,0,0.0,33.0,8,25.0,33.0
83,31.0,0,0.0,6,0,0.0,31.0,6,25.0,31.0
84,27.0,0,0.0,2,0,0.0,27.0,2,25.0,27.0
85,40.0,0,0.0,16,0,0.0,40.0,16,24.0,40.0
86,38.0,0,0.0,1,0,0.0,38.0,1,37.0,38.0
87,25.0,0,0.0,2,0,0.0,25.0,2,23.0,25.0
88,49.0,0,0.0,10,0,0.0,49.0,10,39.0,49.0
89,21.0,0,0.0,8,0,0.0,21.0,8,13.0,21.0
90,22.0,0,0.0,0,0,0.0,22.0,0,22.0,22.0
91,58.0,0,0.0,8,0,0.0,58.0,8,50.0,58.0
92,21.0,0,0.0,5,0,0.0,21.0,5,16.0,21.0
93,29.0,0,0.0,0,0,0.0,29.0,0,29.0,29.0
94,90.0,0,0.0,31,0,0.0,90.0,31,59.0,90.0
95,49.0,0,0.0,3,0,0.0,49.0,3,46.0,49.0
96,68.0,0,0.0,5,0,0.0,68.0,5,63.0,68.0
97,74.0,0,0.0,28,0,0.0,74.0,28,46.0,74.0
98,74.0,0,0.0,6,0,0.0,74.0,6,68.0,74.0
99,47.0,0,0.0,11,0,0.0,47.0,11,36.0,47.0
100,39.0,0,0.0,0,0,0.0,39.0,0,39.0,39.0
101,46.0,0,0.0,1,0,0.0,46.0,1,45.0,46.0
102,16.0,0,0.0,1,0,0.0,16.0,1,15.0,16.0
103,63.0,0,0.0,1,0,0.0,63.0,1,62.0,63.0
104,78.0,0,0.0,21,0,0.0,78.0,21,57.0,78.0
105,47.0,0,0.0,0,0,0.0,47.0,0,47.0,47.0
106,74.0,0,0.0,0,0,0.0,74.0,0,74.0,74.0
107,71.0,0,0.0,0,0,0.0,71.0,0,71.0,71.0
108,91.0,0,0.0,5,0,0.0,91.0,5,86.0,91.0
109,60.0,0,0.0,2,0,0.0,60.0,2,58.0,60.0
110,63.0,0,0.0,27,0,0.0,63.0,27,36.0,63.0
111,47.0,0,0.0,8,0,0.0,47.0,8,39.0,47.0
112,57.0,0,0.0,3,0,0.0,57.0,3,54.0,57.0
113,79.0,0,0.0,3,0,0.0,79.0,3,76.0,79.0
114,61.0,0,0.0,3,0,0.0,61.0,3,58.0,61.0
115,32.0,0,0.0,6,0,0.0,32.0,6,26.0,32.0
116,63.0,0,0.0,7,0,0.0,63.0,7,56.0,63.0
117,59.0,0,0.0,30,0,0.0,59.0,30,29.0,59.0
118,72.0,0,0.0,26,0,0.0,72.0,26,46.0,72.0
119,17.0,0,0.0,3,0,0.0,17.0,3,14.0,17.0
120,44.0,0,0.0,21,0,0.0,44.0,21,23.0,44.0
121,35.0,0,0.0,3,0,0.0,35.0,3,32.0,35.0
122,53.0,0,0.0,3,0,0.0,53.0,3,50.0,53.0
123,28.0,0,0.0,3,0,0.0,28.0,3,25.0,28.0
124,24.0,0,0.0,0,0,0.0,24.0,0,24.0,24.0
125,56.0,0,0.0,28,0,0.0,56.0,28,28.0,56.0
126,59.0,0,0.0,0,0,0.0,59.0,0,59.0,59.0
127,56.0,0,0.0,3,0,0.0,56.0,3,53.0,56.0
128,53.0,0,0.0,1,0,0.0,53.0,1,52.0,53.0
129,26.0,0,0.0,0,0,0.0,26.0,0,26.0,26.0
130,79.0,0,0.0,1,0,0.0,79.0,1,78.0,79.0
131,57.0,0,0.0,1,0,0.0,57.0,1,56.0,57.0
132,60.0,0,0.0,16,0,0.0,60.0,16,44.0,60.0
133,35.0,0,0.0,3,0,0.0,35.0,3,32.0,35.0
134,72.0,0,0.0,1,0,0.0,72.0,1,71.0,72.0
135,49.0,0,0.0,17,0,0.0,49.0,17,32.0,49.0
136,23.0,0,0.0,3,0,0.0,23.0,3,20.0,23.0
137,35.0,0,0.0,10,0,0.0,35.0,10,25.0,35.0
138,40.0,0,0.0,8,0,0.0,40.0,8,32.0,40.0
139,51.0,0,0.0,6,0,0.0,51.0,6,45.0,51.0
140,24.0,0,0.0,1,0,0.0,24.0,1,23.0,24.0
141,27.0,0,0.0,10,0,0.0,27.0,10,17.0,27.0
142,13.0,0,0.0,0,0,0.0,13.0,0,13.0,13.0
143,43.0,0,0.0,6,0,0.0,43.0,6,37.0,43.0
144,28.0,0,0.0,13,0,0.0,28.0,13,15.0,28.0
145,36.0,0,0.0,3,0,0.0,36.0,3,33.0,36.0
146,23.0,0,0.0,2,0,0.0,23.0,2,21.0,23.0
147,39.0,0,0.0,2,0,0.0,39.0,2,37.0,39.0
148,51.0,0,0.0,4,0,0.0,51.0,4,47.0,51.0
149,38.0,0,0.0,0,0,0.0,38.0,0,38.0,38.0
150,27.0,0,0.0,0,0,0.0,27.0,0,27.0,27.0
151,52.0,0,0.0,8,0,0.0,52.0,8,44.0,52.0
152,71.0,0,0.0,2,0,0.0,71.0,2,69.0,71.0
153,11.0,0,0.0,0,0,0.0,11.0,0,11.0,11.0
154,43.0,0,0.0,3,0,0.0,43.0,3,40.0,43.0
155,32.0,0,0.0,5,0,0.0,32.0,5,27.0,32.0
156,74.0,0,0.0,15,0,0.0,74.0,15,59.0,74.0
157,33.0,0,0.0,1,0,0.0,33.0,1,32.0,33.0
158,68.0,0,0.0,5,0,0.0,68.0,5,63.0,68.0
159,42.0,0,0.0,1,0,0.0,42.0,1,41.0,42.0
160,55.0,0,0.0,11,0,0.0,55.0,11,44.0,55.0
161,38.0,0,0.0,1,0,0.0,38.0,1,37.0,38.0
162,25.0,0,0.0,0,0,0.0,25.0,0,25.0,25.0
163,67.0,0,0.0,6,0,0.0,67.0,6,61.0,67.0
164,29.0,0,0.0,0,0,0.0,29.0,0,29.0,29.0
165,70.0,0,0.0,6,0,0.0,70.0,6,64.0,70.0
166,36.0,0,0.0,0,0,0.0,36.0,0,36.0,36.0
167,22.0,0,0.0,9,0,0.0,22.0,9,13.0,22.0
168,49.0,0,0.0,10,0,0.0,49.0,10,39.0,49.0
169,56.0,0,0.0,8,0,0.0,56.0,8,48.0,56.0
170,64.0,0,0.0,4,0,0.0,64.0,4,60.0,64.0
171,85.0,0,0.0,8,0,0.0,85.0,8,77.0,85.0
172,75.0,0,0.0,19,0,0.0,75.0,19,56.0,75.0
173,19.0,0,0.0,0,0,0.0,19.0,0,19.0,19.0
174,55.0,0,0.0,0,0,0.0,55.0,0,55.0,55.0
175,37.0,0,0.0,3,0,0.0,37.0,3,34.0,37.0
176,18.0,0,0.0,1,0,0.0,18.0,1,17.0,18.0
177,48.0,0,0.0,2,0,0.0,48.0,2,46.0,48.0
178,52.0,0,0.0,1,0,0.0,52.0,1,51.0,52.0
179,66.0,0,0.0,1,0,0.0,66.0,1,65.0,66.0
180,21.0,0,0.0,0,0,0.0,21.0,0,21.0,21.0
181,21.0,0,0.0,1,0,0.0,21.0,1,20.0,21.0
182,59.0,0,0.0,2,0,0.0,59.0,2,57.0,59.0
183,56.0,0,0.0,9,0,0.0,56.0,9,47.0,56.0
184,33.0,0,0.0,3,0,0.0,33.0,3,30.0,33.0
185,25.0,0,0.0,1,0,0.0,25.0,1,24.0,25.0
186,49.0,0,0.0,0,0,0.0,49.0,0,49.0,49.0
187,44.0,0,0.0,6,0,0.0,44.0,6,38.0,44.0
188,41.0,0,0.0,5,0,0.0,41.0,5,36.0,41.0
189,21.0,0,0.0,1,0,0.0,21.0,1,20.0,21.0
190,64.0,0,0.0,1,0,0.0,64.0,1,63.0,64.0
191,41.0,0,0.0,14,0,0.0,41.0,14,27.0,41.0
192,27.0,0,0.0,5,0,0.0,27.0,5,22.0,27.0
193,58.0,0,0.0,2,0,0.0,58.0,2,56.0,58.0
194,34.0,0,0.0,3,0,0.0,34.0,3,31.0,34.0
195,43.0,0,0.0,0,0,0.0,43.0,0,43.0,43.0
196,25.0,0,0.0,4,0,0.0,25.0,4,21.0,25.0
197,32.0,0,0.0,5,0,0.0,32.0,5,27.0,32.0
198,45.0,0,0.0,6,0,0.0,45.0,6,39.0,45.0
199,55.0,0,0.0,2,0,0.0,55.0,2,53.0,55.0
200,27.0,0,0.0,4,0,0.0,27.0,4,23.0,27.0
201,40.0,0,0.0,1,0,0.0,40.0,1,39.0,40.0
202,26.0,0,0.0,3,0,0.0,26.0,3,23.0,26.0
203,25.0,0,0.0,0,0,0.0,25.0,0,25.0,25.0
204,55.0,0,0.0,20,0,0.0,55.0,20,35.0,55.0
205,37.0,0,0.0,2,0,0.0,37.0,2,35.0,37.0
206,19.0,0,0.0,0,0,0.0,19.0,0,19.0,19.0
207,68.0,0,0.0,15,0,0.0,68.0,15,53.0,68.0
208,53.0,0,0.0,2,0,0.0,53.0,2,51.0,53.0
209,28.0,0,0.0,1,0,0.0,28.0,1,27.0,28.0
210,53.0,0,0.0,1,0,0.0,53.0,1,52.0,53.0
211,35.0,0,0.0,5,0,0.0,35.0,5,30.0,35.0
212,91.0,0,0.0,1,0,0.0,91.0,1,90.0,91.0
213,76.0,0,0.0,3,0,0.0,76.0,3,73.0,76.0
214,83.0,0,0.0,1,0,0.0,83.0,1,82.0,83.0
215,72.0,0,0.0,2,0,0.0,72.0,2,70.0,72.0
216,63.0,0,0.0,12,0,0.0,63.0,12,51.0,63.0
217,57.0,0,0.0,4,0,0.0,57.0,4,53.0,57.0
218,74.0,0,0.0,7,0,0.0,74.0,7,67.0,74.0
219,38.0,0,0.0,1,0,0.0,38.0,1,37.0,38.0
220,60.0,0,0.0,25,0,0.0,60.0,25,35.0,60.0
221,87.0,0,0.0,6,0,0.0,87.0,6,81.0,87.0
222,62.0,0,0.0,6,0,0.0,62.0,6,56.0,62.0
223,69.0,0,0.0,2,0,0.0,69.0,2,67.0,69.0
224,51.0,0,0.0,1,0,0.0,51.0,1,50.0,51.0
225,52.0,0,0.0,2,0,0.0,52.0,2,50.0,52.0
226,58.0,0,0.0,7,0,0.0,58.0,7,51.0,58.0
227,67.0,0,0.0,2,0,0.0,67.0,2,65.0,67.0
228,84.0,0,0.0,1,0,0.0,84.0,1,83.0,84.0
229,67.0,0,0.0,2,0,0.0,67.0,2,65.0,67.0
230,36.0,0,0.0,0,0,0.0,36.0,0,36.0,36.0
231,36.0,0,0.0,0,0,0.0,36.0,0,36.0,36.0
232,39.0,0,0.0,0,0,0.0,39.0,0,39.0,39.0
233,68.0,0,0.0,1,0,0.0,68.0,1,67.0,68.0
234,51.0,0,0.0,1,0,0.0,51.0,1,50.0,51.0
235,80.0,0,0.0,0,0,0.0,80.0,0,80.0,80.0
236,75.0,0,0.0,4,0,0.0,75.0,4,71.0,75.0
237,58.0,0,0.0,5,0,0.0,58.0,5,53.0,58.0
238,40.0,0,0.0,4,0,0.0,40.0,4,36.0,40.0
239,63.0,0,0.0,17,0,0.0,63.0,17,46.0,63.0
240,74.0,0,0.0,3,0,0.0,74.0,3,71.0,74.0
241,61.0,0,0.0,4,0,0.0,61.0,4,57.0,61.0
242,56.0,0,0.0,1,0,0.0,56.0,1,55.0,56.0
243,42.0,0,0.0,3,0,0.0,42.0,3,39.0,42.0
244,78.0,0,0.0,0,0,0.0,78.0,0,78.0,78.0
245,54.0,0,0.0,3,0,0.0,54.0,3,51.0,54.0
246,91.0,0,0.0,4,0,0.0,91.0,4,87.0,91.0
247,47.0,0,0.0,0,0,0.0,47.0,0,47.0,47.0
248,24.0,0,0.0,2,0,0.0,24.0,2,22.0,24.0
249,50.0,0,0.0,2,0,0.0,50.0,2,48.0,50.0
250,53.0,0,0.0,0,0,0.0,53.0,0,53.0,53.0
251,79.0,0,0.0,2,0,0.0,79.0,2,77.0,79.0
252,42.0,0,0.0,0,0,0.0,42.0,0,42.0,42.0
253,78.0,0,0.0,3,0,0.0,78.0,3,75.0,78.0
254,24.0,0,0.0,0,0,0.0,24.0,0,24.0,24.0
255,60.0,0,0.0,1,0,0.0,60.0,1,59.0,60.0
256,68.0,0,0.0,3,0,0.0,68.0,3,65.0,68.0
257,52.0,0,0.0,6,0,0.0,52.0,6,46.0,52.0
258,72.0,0,0.0,4,0,0.0,72.0,4,68.0,72.0
259,67.0,0,0.0,8,0,0.0,67.0,8,59.0,67.0
260,38.0,0,0.0,1,0,0.0,38.0,1,37.0,38.0
261,35.0,0,0.0,0,0,0.0,35.0,0,35.0,35.0
262,19.0,0,0.0,1,0,0.0,19.0,1,18.0,19.0
263,71.0,0,0.0,1,0,0.0,71.0,1,70.0,71.0
264,59.0,0,0.0,0,0,0.0,59.0,0,59.0,59.0
265,51.0,0,0.0,9,0,0.0,51.0,9,42.0,51.0
266,63.0,0,0.0,1,0,0.0,63.0,1,62.0,63.0
267,62.0,0,0.0,0,0,0.0,62.0,0,62.0,62.0
268,74.0,0,0.0,1,0,0.0,74.0,1,73.0,74.0
269,41.0,0,0.0,0,0,0.0,41.0,0,41.0,41.0
270,79.0,0,0.0,1,0,0.0,79.0,1,78.0,79.0
271,39.0,0,0.0,1,0,0.0,39.0,1,38.0,39.0
272,42.0,0,0.0,7,0,0.0,42.0,7,35.0,42.0
273,39.0,0,0.0,0,0,0.0,39.0,0,39.0,39.0
274,45.0,0,0.0,0,0,0.0,45.0,0,45.0,45.0
275,55.0,0,0.0,4,0,0.0,55.0,4,51.0,55.0
276,42.0,0,0.0,7,0,0.0,42.0,7,35.0,42.0
277,63.0,0,0.0,3,0,0.0,63.0,3,60.0,63.0
278,45.0,0,0.0,13,0,0.0,45.0,13,32.0,45.0
279,59.0,0,0.0,1,0,0.0,59.0,1,58.0,59.0
280,66.0,0,0.0,1,0,0.0,66.0,1,65.0,66.0
281,37.0,0,0.0,1,0,0.0,37.0,1,36.0,37.0
282,48.0,0,0.0,6,0,0.0,48.0,6,42.0,48.0
283,82.0,0,0.0,5,0,0.0,82.0,5,77.0,82.0
284,65.0,0,0.0,0,0,0.0,65.0,0,65.0,65.0
285,73.0,0,0.0,4,0,0.0,73.0,4,69.0,73.0
286,73.0,0,0.0,2,0,0.0,73.0,2,71.0,73.0
287,62.0,0,0.0,6,0,0.0,62.0,6,56.0,62.0
288,36.0,0,0.0,2,0,0.0,36.0,2,34.0,36.0
289,77.0,0,0.0,0,0,0.0,77.0,0,77.0,77.0
290,71.0,0,0.0,1,0,0.0,71.0,1,70.0,71.0
291,36.0,0,0.0,2,0,0.0,36.0,2,34.0,36.0
292,72.0,0,0.0,1,0,0.0,72.0,1,71.0,72.0
293,20.0,0,0.0,2,0,0.0,20.0,2,18.0,20.0
294,58.0,0,0.0,1,0,0.0,58.0,1,57.0,58.0
295,60.0,0,0.0,1,0,0.0,60.0,1,59.0,60.0
296,32.0,0,0.0,1,0,0.0,32.0,1,31.0,32.0
297,51.0,0,0.0,1,0,0.0,51.0,1,50.0,51.0
298,55.0,0,0.0,7,0,0.0,55.0,7,48.0,55.0
299,59.0,0,0.0,6,0,0.0,59.0,6,53.0,59.0
300,54.0,0,0.0,1,0,0.0,54.0,1,53.0,54.0
301,33.0,0,0.0,1,0,0.0,33.0,1,32.0,33.0
302,74.0,0,0.0,2,0,0.0,74.0,2,72.0,74.0
303,53.0,0,0.0,1,0,0.0,53.0,1,52.0,53.0
304,60.0,0,0.0,1,0,0.0,60.0,1,59.0,60.0
305,64.0,0,0.0,0,0,0.0,64.0,0,64.0,64.0
306,81.0,0,0.0,3,0,0.0,81.0,3,78.0,81.0
307,23.0,0,0.0,2,0,0.0,23.0,2,21.0,23.0
308,66.0,0,0.0,8,0,0.0,66.0,8,58.0,66.0
309,88.0,0,0.0,11,0,0.0,88.0,11,77.0,88.0
310,85.0,0,0.0,8,0,0.0,85.0,8,77.0,85.0
311,64.0,0,0.0,3,0,0.0,64.0,3,61.0,64.0
312,58.0,0,0.0,9,0,0.0,58.0,9,49.0,58.0
313,56.0,0,0.0,3,0,0.0,56.0,3,53.0,56.0
314,46.0,0,0.0,0,0,0.0,46.0,0,46.0,46.0
315,22.0,0,0.0,1,0,0.0,22.0,1,21.0,22.0
316,52.0,0,0.0,3,0,0.0,52.0,3,49.0,52.0
317,62.0,0,0.0,0,0,0.0,62.0,0,62.0,62.0
318,52.0,0,0.0,6,0,0.0,52.0,6,46.0,52.0
319,81.0,0,0.0,0,0,0.0,81.0,0,81.0,81.0
320,79.0,0,0.0,4,0,0.0,79.0,4,75.0,79.0
321,75.0,0,0.0,0,0,0.0,75.0,0,75.0,75.0
322,76.0,0,0.0,0,0,0.0,76.0,0,76.0,76.0
323,71.0,0,0.0,1,0,0.0,71.0,1,70.0,71.0
324,40.0,0,0.0,1,0,0.0,40.0,1,39.0,40.0
325,64.0,0,0.0,1,0,0.0,64.0,1,63.0,64.0
326,84.0,0,0.0,7,0,0.0,84.0,7,77.0,84.0
327,58.0,0,0.0,1,0,0.0,58.0,1,57.0,58.0
328,81.0,0,0.0,1,0,0.0,81.0,1,80.0,81.0
329,71.0,0,0.0,2,0,0.0,71.0,2,69.0,71.0
330,85.0,0,0.0,0,0,0.0,85.0,0,85.0,85.0
331,65.0,0,0.0,1,0,0.0,65.0,1,64.0,65.0
332,64.0,0,0.0,5,0,0.0,64.0,5,59.0,64.0
333,61.0,0,0.0,1,0,0.0,61.0,1,60.0,61.0
334,61.0,0,0.0,3,0,0.0,61.0,3,58.0,61.0
335,16.0,0,0.0,2,0,0.0,16.0,2,14.0,16.0
336,38.0,0,0.0,0,0,0.0,38.0,0,38.0,38.0
337,54.0,0,0.0,9,0,0.0,54.0,9,45.0,54.0
338,50.0,0,0.0,2,0,0.0,50.0,2,48.0,50.0
339,28.0,0,0.0,1,0,0.0,28.0,1,27.0,28.0
340,68.0,0,0.0,1,0,0.0,68.0,1,67.0,68.0
341,31.0,0,0.0,1,0,0.0,31.0,1,30.0,31.0
342,75.0,0,0.0,1,0,0.0,75.0,1,74.0,75.0
343,52.0,0,0.0,9,0,0.0,52.0,9,43.0,52.0
344,48.0,0,0.0,14,0,0.0,48.0,14,34.0,48.0
345,22.0,0,0.0,1,0,0.0,22.0,1,21.0,22.0
346,59.0,0,0.0,19,0,0.0,59.0,19,40.0,59.0
347,61.0,0,0.0,8,0,0.0,61.0,8,53.0,61.0
348,73.0,0,0.0,1,0,0.0,73.0,1,72.0,73.0
349,35.0,0,0.0,3,0,0.0,35.0,3,32.0,35.0
350,61.0,0,0.0,0,0,0.0,61.0,0,61.0,61.0
351,37.0,0,0.0,3,0,0.0,37.0,3,34.0,37.0
352,60.0,0,0.0,3,0,0.0,60.0,3,57.0,60.0
353,76.0,0,0.0,13,0,0.0,76.0,13,63.0,76.0
354,65.0,0,0.0,0,0,0.0,65.0,0,65.0,65.0
355,82.0,0,0.0,0,0,0.0,82.0,0,82.0,82.0
356,49.0,0,0.0,3,0,0.0,49.0,3,46.0,49.0
357,67.0,0,0.0,0,0,0.0,67.0,0,67.0,67.0
358,67.0,0,0.0,0,0,0.0,67.0,0,67.0,67.0
359,61.0,0,0.0,7,0,0.0,61.0,7,54.0,61.0
360,34.0,0,0.0,1,0,0.0,34.0,1,33.0,34.0
361,74.0,0,0.0,1,0,0.0,74.0,1,73.0,74.0
362,52.0,0,0.0,2,0,0.0,52.0,2,50.0,52.0
363,42.0,0,0.0,0,0,0.0,42.0,0,42.0,42.0
364,87.0,0,0.0,22,0,0.0,87.0,22,65.0,87.0
365,55.0,0,0.0,11,0,0.0,55.0,11,44.0,55.0
366,42.0,0,0.0,0,0,0.0,42.0,0,42.0,42.0
367,24.0,0,0.0,4,0,0.0,24.0,4,20.0,24.0
368,81.0,0,0.0,11,0,0.0,81.0,11,70.0,81.0
369,66.0,0,0.0,2,0,0.0,66.0,2,64.0,66.0
370,71.0,0,0.0,11,0,0.0,71.0,11,60.0,71.0
371,45.0,0,0.0,15,0,0.0,45.0,15,30.0,45.0
372,85.0,0,0.0,0,0,0.0,85.0,0,85.0,85.0
373,80.0,0,0.0,2,0,0.0,80.0,2,78.0,80.0
374,68.0,0,0.0,3,0,0.0,68.0,3,65.0,68.0
375,62.0,0,0.0,6,0,0.0,62.0,6,56.0,62.0
376,78.0,0,0.0,4,0,0.0,78.0,4,74.0,78.0
377,75.0,0,0.0,23,0,0.0,75.0,23,52.0,75.0
378,16.0,0,0.0,1,0,0.0,16.0,1,15.0,16.0
379,66.0,0,0.0,1,0,0.0,66.0,1,65.0,66.0
380,77.0,0,0.0,0,0,0.0,77.0,0,77.0,77.0
381,70.0,0,0.0,0,0,0.0,70.0,0,70.0,70.0
382,65.0,0,0.0,2,0,0.0,65.0,2,63.0,65.0
383,51.0,0,0.0,0,0,0.0,51.0,0,51.0,51.0
384,78.0,0,0.0,0,0,0.0,78.0,0,78.0,78.0
385,41.0,0,0.0,2,0,0.0,41.0,2,39.0,41.0
386,80.0,0,0.0,1,0,0.0,80.0,1,79.0,80.0
387,77.0,0,0.0,2,0,0.0,77.0,2,75.0,77.0
388,67.0,0,0.0,1,0,0.0,67.0,1,66.0,67.0
389,69.0,0,0.0,0,0,0.0,69.0,0,69.0,69.0
390,61.0,0,0.0,13,0,0.0,61.0,13,48.0,61.0
391,78.0,0,0.0,0,0,0.0,78.0,0,78.0,78.0
392,47.0,0,0.0,5,0,0.0,47.0,5,42.0,47.0
393,30.0,0,0.0,3,0,0.0,30.0,3,27.0,30.0
394,37.0,0,0.0,5,0,0.0,37.0,5,32.0,37.0
395,53.0,0,0.0,0,0,0.0,53.0,0,53.0,53.0
396,34.0,0,0.0,0,0,0.0,34.0,0,34.0,34.0
397,52.0,0,0.0,0,0,0.0,52.0,0,52.0,52.0
398,40.0,0,0.0,6,0,0.0,40.0,6,34.0,40.0
399,74.0,0,0.0,1,0,0.0,74.0,1,73.0,74.0
400,58.0,0,0.0,1,0,0.0,58.0,1,57.0,58.0
401,75.0,0,0.0,1,0,0.0,75.0,1,74.0,75.0
402,44.0,0,0.0,0,0,0.0,44.0,0,44.0,44.0
403,61.0,0,0.0,0,0,0.0,61.0,0,61.0,61.0
404,13.0,0,0.0,0,0,0.0,13.0,0,13.0,13.0
405,37.0,0,0.0,8,0,0.0,37.0,8,29.0,37.0
406,27.0,0,0.0,0,0,0.0,27.0,0,27.0,27.0
407,91.0,0,0.0,22,0,0.0,91.0,22,69.0,91.0
408,48.0,0,0.0,1,0,0.0,48.0,1,47.0,48.0
409,76.0,0,0.0,2,0,0.0,76.0,2,74.0,76.0
410,64.0,0,0.0,2,0,0.0,64.0,2,62.0,64.0
411,74.0,0,0.0,2,0,0.0,74.0,2,72.0,74.0
412,64.0,0,0.0,5,0,0.0,64.0,5,59.0,64.0
413,41.0,0,0.0,8,0,0.0,41.0,8,33.0,41.0
414,41.0,0,0.0,1,0,0.0,41.0,1,40.0,41.0
415,47.0,0,0.0,9,0,0.0,47.0,9,38.0,47.0
416,90.0,0,0.0,6,0,0.0,90.0,6,84.0,90.0
417,30.0,0,0.0,2,0,0.0,30.0,2,28.0,30.0
418,71.0,0,0.0,11,0,0.0,71.0,11,60.0,71.0
419,82.0,0,0.0,3,0,0.0,82.0,3,79.0,82.0
420,31.0,0,0.0,0,0,0.0,31.0,0,31.0,31.0
421,59.0,0,0.0,1,0,0.0,59.0,1,58.0,59.0
422,80.0,0,0.0,0,0,0.0,80.0,0,80.0,80.0
423,71.0,0,0.0,1,0,0.0,71.0,1,70.0,71.0
424,19.0,0,0.0,2,0,0.0,19.0,2,17.0,19.0
425,95.0,0,0.0,1,0,0.0,95.0,1,94.0,95.0
426,47.0,0,0.0,2,0,0.0,47.0,2,45.0,47.0
427,64.0,0,0.0,3,0,0.0,64.0,3,61.0,64.0
428,38.0,0,0.0,0,0,0.0,38.0,0,38.0,38.0
429,22.0,0,0.0,0,0,0.0,22.0,0,22.0,22.0
430,75.0,0,0.0,17,0,0.0,75.0,17,58.0,75.0
431,22.0,0,0.0,7,0,0.0,22.0,7,15.0,22.0
432,45.0,0,0.0,2,0,0.0,45.0,2,43.0,45.0
433,45.0,0,0.0,2,0,0.0,45.0,2,43.0,45.0
434,21.0,0,0.0,0,0,0.0,21.0,0,21.0,21.0
435,89.0,0,0.0,2,0,0.0,89.0,2,87.0,89.0
436,33.0,0,0.0,1,0,0.0,33.0,1,32.0,33.0
437,84.0,0,0.0,12,0,0.0,84.0,12,72.0,84.0
438,44.0,0,0.0,6,0,0.0,44.0,6,38.0,44.0
439,34.0,0,0.0,5,0,0.0,34.0,5,29.0,34.0
440,66.0,0,0.0,3,0,0.0,66.0,3,63.0,66.0
441,12.0,0,0.0,0,0,0.0,12.0,0,12.0,12.0
442,79.0,0,0.0,8,0,0.0,79.0,8,71.0,79.0
443,39.0,0,0.0,2,0,0.0,39.0,2,37.0,39.0
444,96.0,0,0.0,0,0,0.0,96.0,0,96.0,96.0
445,32.0,0,0.0,1,0,0.0,32.0,1,31.0,32.0
446,79.0,0,0.0,1,0,0.0,79.0,1,78.0,79.0
447,33.0,0,0.0,4,0,0.0,33.0,4,29.0,33.0
448,60.0,0,0.0,0,0,0.0,60.0,0,60.0,60.0
449,52.0,0,0.0,6,0,0.0,52.0,6,46.0,52.0
450,53.0,0,0.0,2,0,0.0,53.0,2,51.0,53.0
451,62.0,0,0.0,5,0,0.0,62.0,5,57.0,62.0
452,66.0,0,0.0,1,0,0.0,66.0,1,65.0,66.0
453,47.0,0,0.0,7,0,0.0,47.0,7,40.0,47.0
454,82.0,0,0.0,11,0,0.0,82.0,11,71.0,82.0
455,46.0,0,0.0,5,0,0.0,46.0,5,41.0,46.0
456,65.0,0,0.0,3,0,0.0,65.0,3,62.0,65.0
457,55.0,0,0.0,2,0,0.0,55.0,2,53.0,55.0
458,81.0,0,0.0,5,0,0.0,81.0,5,76.0,81.0
459,35.0,0,0.0,0,0,0.0,35.0,0,35.0,35.0
460,77.0,0,0.0,3,0,0.0,77.0,3,74.0,77.0
461,23.0,0,0.0,0,0,0.0,23.0,0,23.0,23.0
462,71.0,0,0.0,2,0,0.0,71.0,2,69.0,71.0
463,87.0,0,0.0,1,0,0.0,87.0,1,86.0,87.0
464,79.0,0,0.0,3,0,0.0,79.0,3,76.0,79.0
465,36.0,0,0.0,4,0,0.0,36.0,4,32.0,36.0
466,56.0,0,0.0,20,0,0.0,56.0,20,36.0,56.0
467,54.0,0,0.0,0,0,0.0,54.0,0,54.0,54.0
468,58.0,0,0.0,0,0,0.0,58.0,0,58.0,58.0
469,30.0,0,0.0,1,0,0.0,30.0,1,29.0,30.0
470,47.0,0,0.0,0,0,0.0,47.0,0,47.0,47.0
471,36.0,0,0.0,9,0,0.0,36.0,9,27.0,36.0
472,12.0,0,0.0,1,0,0.0,12.0,1,11.0,12.0
473,20.0,0,0.0,1,0,0.0,20.0,1,19.0,20.0
474,78.0,0,0.0,2,0,0.0,78.0,2,76.0,78.0
475,51.0,0,0.0,1,0,0.0,51.0,1,50.0,51.0
476,45.0,0,0.0,3,0,0.0,45.0,3,42.0,45.0
477,43.0,0,0.0,2,0,0.0,43.0,2,41.0,43.0
478,54.0,0,0.0,5,0,0.0,54.0,5,49.0,54.0
479,57.0,0,0.0,2,0,0.0,57.0,2,55.0,57.0
480,76.0,0,0.0,2,0,0.0,76.0,2,74.0,76.0
481,40.0,0,0.0,6,0,0.0,40.0,6,34.0,40.0
482,25.0,0,0.0,2,0,0.0,25.0,2,23.0,25.0
483,68.0,0,0.0,4,0,0.0,68.0,4,64.0,68.0
484,82.0,0,0.0,6,0,0.0,82.0,6,76.0,82.0
485,29.0,0,0.0,17,0,0.0,29.0,17,12.0,29.0
486,58.0,0,0.0,7,0,0.0,58.0,7,51.0,58.0
487,61.0,0,0.0,11,0,0.0,61.0,11,50.0,61.0
488,39.0,0,0.0,2,0,0.0,39.0,2,37.0,39.0
489,66.0,0,0.0,19,0,0.0,66.0,19,47.0,66.0
490,51.0,0,0.0,0,0,0.0,51.0,0,51.0,51.0
491,67.0,0,0.0,4,0,0.0,67.0,4,63.0,67.0
492,73.0,0,0.0,0,0,0.0,73.0,0,73.0,73.0
493,91.0,0,0.0,1,0,0.0,91.0,1,90.0,91.0
494,70.0,0,0.0,6,0,0.0,70.0,6,64.0,70.0
495,76.0,0,0.0,8,0,0.0,76.0,8,68.0,76.0
496,32.0,0,0.0,6,0,0.0,32.0,6,26.0,32.0
497,54.0,0,0.0,8,0,0.0,54.0,8,46.0,54.0
498,69.0,0,0.0,0,0,0.0,69.0,0,69.0,69.0
499,54.0,0,0.0,4,0,0.0,54.0,4,50.0,54.0
500,80.0,0,0.0,2,0,0.0,80.0,2,78.0,80.0
501,85.0,0,0.0,13,0,0.0,85.0,13,72.0,85.0
502,31.0,0,0.0,7,0,0.0,31.0,7,24.0,31.0
503,36.0,0,0.0,5,0,0.0,36.0,5,31.0,36.0
504,53.0,0,0.0,1,0,0.0,53.0,1,52.0,53.0
505,64.0,0,0.0,9,0,0.0,64.0,9,55.0,64.0
506,76.0,0,0.0,3,0,0.0,76.0,3,73.0,76.0
507,25.0,0,0.0,1,0,0.0,25.0,1,24.0,25.0
508,29.0,0,0.0,5,0,0.0,29.0,5,24.0,29.0
509,67.0,0,0.0,0,0,0.0,67.0,0,67.0,67.0
510,50.0,0,0.0,0,0,0.0,50.0,0,50.0,50.0
511,50.0,0,0.0,10,0,0.0,50.0,10,40.0,50.0
512,55.0,0,0.0,20,0,0.0,55.0,20,35.0,55.0
513,73.0,0,0.0,3,0,0.0,73.0,3,70.0,73.0
514,21.0,0,0.0,2,0,0.0,21.0,2,19.0,21.0
515,74.0,0,0.0,10,0,0.0,74.0,10,64.0,74.0
516,58.0,0,0.0,3,0,0.0,58.0,3,55.0,58.0
517,81.0,0,0.0,13,0,0.0,81.0,13,68.0,81.0
518,42.0,0,0.0,9,0,0.0,42.0,9,33.0,42.0
519,76.0,0,0.0,3,0,0.0,76.0,3,73.0,76.0
520,38.0,0,0.0,1,0,0.0,38.0,1,37.0,38.0
521,24.0,0,0.0,0,0,0.0,24.0,0,24.0,24.0
522,84.0,0,0.0,10,0,0.0,84.0,10,74.0,84.0
523,66.0,0,0.0,0,0,0.0,66.0,0,66.0,66.0
524,69.0,0,0.0,0,0,0.0,69.0,0,69.0,69.0
525,51.0,0,0.0,0,0,0.0,51.0,0,51.0,51.0
526,34.0,0,0.0,0,0,0.0,34.0,0,34.0,34.0
527,36.0,0,0.0,1,0,0.0,36.0,1,35.0,36.0
528,48.0,0,0.0,14,0,0.0,48.0,14,34.0,48.0
529,52.0,0,0.0,0,0,0.0,52.0,0,52.0,52.0
530,55.0,0,0.0,0,0,0.0,55.0,0,55.0,55.0
531,44.0,0,0.0,0,0,0.0,44.0,0,44.0,44.0
532,74.0,0,0.0,6,0,0.0,74.0,6,68.0,74.0
533,77.0,0,0.0,0,0,0.0,77.0,0,77.0,77.0
534,45.0,0,0.0,2,0,0.0,45.0,2,43.0,45.0
535,32.0,0,0.0,1,0,0.0,32.0,1,31.0,32.0
536,52.0,0,0.0,1,0,0.0,52.0,1,51.0,52.0
537,17.0,0,0.0,0,0,0.0,17.0,0,17.0,17.0
538,48.0,0,0.0,0,0,0.0,48.0,0,48.0,48.0
539,38.0,0,0.0,21,0,0.0,38.0,21,17.0,38.0
540,81.0,0,0.0,3,0,0.0,81.0,3,78.0,81.0
541,90.0,0,0.0,1,0,0.0,90.0,1,89.0,90.0
542,82.0,0,0.0,3,0,0.0,82.0,3,79.0,82.0
543,19.0,0,0.0,0,0,0.0,19.0,0,19.0,19.0
544,39.0,0,0.0,0,0,0.0,39.0,0,39.0,39.0
545,74.0,0,0.0,1,0,0.0,74.0,1,73.0,74.0
546,39.0,0,0.0,1,0,0.0,39.0,1,38.0,39.0
547,34.0,0,0.0,1,0,0.0,34.0,1,33.0,34.0
548,51.0,0,0.0,0,0,0.0,51.0,0,51.0,51.0
549,58.0,0,0.0,3,0,0.0,58.0,3,55.0,58.0
550,76.0,0,0.0,6,0,0.0,76.0,6,70.0,76.0
551,67.0,0,0.0,2,0,0.0,67.0,2,65.0,67.0
552,31.0,0,0.0,8,0,0.0,31.0,8,23.0,31.0
553,58.0,0,0.0,3,0,0.0,58.0,3,55.0,58.0
554,42.0,0,0.0,31,0,0.0,42.0,31,11.0,42.0
555,53.0,0,0.0,2,0,0.0,53.0,2,51.0,53.0
556,43.0,0,0.0,1,0,0.0,43.0,1,42.0,43.0
557,25.0,0,0.0,3,0,0.0,25.0,3,22.0,25.0
558,68.0,0,0.0,8,0,0.0,68.0,8,60.0,68.0
559,67.0,0,0.0,0,0,0.0,67.0,0,67.0,67.0
560,39.0,0,0.0,1,0,0.0,39.0,1,38.0,39.0
561,35.0,0,0.0,0,0,0.0,35.0,0,35.0,35.0
562,26.0,0,0.0,3,0,0.0,26.0,3,23.0,26.0
563,44.0,0,0.0,5,0,0.0,44.0,5,39.0,44.0
564,77.0,0,0.0,0,0,0.0,77.0,0,77.0,77.0
565,42.0,0,0.0,2,0,0.0,42.0,2,40.0,42.0
566,29.0,0,0.0,0,0,0.0,29.0,0,29.0,29.0
567,25.0,0,0.0,3,0,0.0,25.0,3,22.0,25.0
568,16.0,0,0.0,0,0,0.0,16.0,0,16.0,16.0
569,66.0,0,0.0,0,0,0.0,66.0,0,66.0,66.0
570,44.0,0,0.0,1,0,0.0,44.0,1,43.0,44.0
571,50.0,0,0.0,0,0,0.0,50.0,0,50.0,50.0
572,66.0,0,0.0,0,0,0.0,66.0,0,66.0,66.0
573,55.0,0,0.0,1,0,0.0,55.0,1,54.0,55.0
574,52.0,0,0.0,1,0,0.0,52.0,1,51.0,52.0
575,60.0,0,0.0,2,0,0.0,60.0,2,58.0,60.0
576,40.0,0,0.0,8,0,0.0,40.0,8,32.0,40.0
577,71.0,0,0.0,1,0,0.0,71.0,1,70.0,71.0
578,85.0,0,0.0,2,0,0.0,85.0,2,83.0,85.0
579,49.0,0,0.0,15,0,0.0,49.0,15,34.0,49.0
580,40.0,0,0.0,2,0,0.0,40.0,2,38.0,40.0
581,60.0,0,0.0,2,0,0.0,60.0,2,58.0,60.0
582,25.0,0,0.0,1,0,0.0,25.0,1,24.0,25.0
583,36.0,0,0.0,0,0,0.0,36.0,0,36.0,36.0
584,44.0,0,0.0,2,0,0.0,44.0,2,42.0,44.0
585,42.0,0,0.0,0,0,0.0,42.0,0,42.0,42.0
586,66.0,0,0.0,14,0,0.0,66.0,14,52.0,66.0
587,88.0,0,0.0,3,0,0.0,88.0,3,85.0,88.0
588,83.0,0,0.0,0,0,0.0,83.0,0,83.0,83.0
589,86.0,0,0.0,2,0,0.0,86.0,2,84.0,86.0
590,72.0,0,0.0,3,0,0.0,72.0,3,69.0,72.0
591,91.0,0,0.0,8,0,0.0,91.0,8,83.0,91.0
592,84.0,0,0.0,2,0,0.0,84.0,2,82.0,84.0
593,81.0,0,0.0,1,0,0.0,81.0,1,80.0,81.0
594,58.0,0,0.0,6,0,0.0,58.0,6,52.0,58.0
595,80.0,0,0.0,6,0,0.0,80.0,6,74.0,80.0
596,78.0,0,0.0,1,0,0.0,78.0,1,77.0,78.0
597,51.0,0,0.0,9,0,0.0,51.0,9,42.0,51.0
598,80.0,0,0.0,1,0,0.0,80.0,1,79.0,80.0
599,41.0,0,0.0,0,0,0.0,41.0,0,41.0,41.0
600,62.0,0,0.0,3,0,0.0,62.0,3,59.0,62.0
601,83.0,0,0.0,2,0,0.0,83.0,2,81.0,83.0
602,67.0,0,0.0,9,0,0.0,67.0,9,58.0,67.0
603,77.0,0,0.0,7,0,0.0,77.0,7,70.0,77.0
604,32.0,0,0.0,1,0,0.0,32.0,1,31.0,32.0
605,87.0,0,0.0,1,0,0.0,87.0,1,86.0,87.0
606,52.0,0,0.0,6,0,0.0,52.0,6,46.0,52.0
607,97.0,0,0.0,15,0,0.0,97.0,15,82.0,97.0
608,77.0,0,0.0,2,0,0.0,77.0,2,75.0,77.0
609,73.0,0,0.0,14,0,0.0,73.0,14,59.0,73.0
610,58.0,0,0.0,0,0,0.0,58.0,0,58.0,58.0
611,70.0,0,0.0,3,0,0.0,70.0,3,67.0,70.0
612,95.0,0,0.0,7,0,0.0,95.0,7,88.0,95.0
613,41.0,0,0.0,2,0,0.0,41.0,2,39.0,41.0
614,41.0,0,0.0,3,0,0.0,41.0,3,38.0,41.0
615,30.0,0,0.0,11,0,0.0,30.0,11,19.0,30.0
616,48.0,0,0.0,2,0,0.0,48.0,2,46.0,48.0
617,89.0,0,0.0,1,0,0.0,89.0,1,88.0,89.0
618,60.0,0,0.0,2,0,0.0,60.0,2,58.0,60.0
619,64.0,0,0.0,3,0,0.0,64.0,3,61.0,64.0
620,67.0,0,0.0,0,0,0.0,67.0,0,67.0,67.0
621,72.0,0,0.0,5,0,0.0,72.0,5,67.0,72.0
622,73.0,0,0.0,1,0,0.0,73.0,1,72.0,73.0
623,77.0,0,0.0,6,0,0.0,77.0,6,71.0,77.0
624,54.0,0,0.0,2,0,0.0,54.0,2,52.0,54.0
625,76.0,0,0.0,2,0,0.0,76.0,2,74.0,76.0
626,90.0,0,0.0,4,0,0.0,90.0,4,86.0,90.0
627,73.0,0,0.0,0,0,0.0,73.0,0,73.0,73.0
628,69.0,0,0.0,12,0,0.0,69.0,12,57.0,69.0
629,57.0,0,0.0,6,0,0.0,57.0,6,51.0,57.0
630,76.0,0,0.0,2,0,0.0,76.0,2,74.0,76.0
631,69.0,0,0.0,0,0,0.0,69.0,0,69.0,69.0
632,80.0,0,0.0,7,0,0.0,80.0,7,73.0,80.0
633,37.0,0,0.0,0,0,0.0,37.0,0,37.0,37.0
634,70.0,0,0.0,10,0,0.0,70.0,10,60.0,70.0
635,50.0,0,0.0,14,0,0.0,50.0,14,36.0,50.0
636,93.0,0,0.0,1,0,0.0,93.0,1,92.0,93.0
637,43.0,0,0.0,0,0,0.0,43.0,0,43.0,43.0
638,73.0,0,0.0,4,0,0.0,73.0,4,69.0,73.0
639,90.0,0,0.0,1,0,0.0,90.0,1,89.0,90.0
640,79.0,0,0.0,3,0,0.0,79.0,3,76.0,79.0
641,47.0,0,0.0,3,0,0.0,47.0,3,44.0,47.0
642,70.0,0,0.0,6,0,0.0,70.0,6,64.0,70.0
643,86.0,0,0.0,4,0,0.0,86.0,4,82.0,86.0
644,58.0,0,0.0,5,0,0.0,58.0,5,53.0,58.0
645,76.0,0,0.0,2,0,0.0,76.0,2,74.0,76.0
646,62.0,0,0.0,2,0,0.0,62.0,2,60.0,62.0
647,86.0,0,0.0,0,0,0.0,86.0,0,86.0,86.0
648,79.0,0,0.0,1,0,0.0,79.0,1,78.0,79.0
649,73.0,0,0.0,1,0,0.0,73.0,1,72.0,73.0
650,75.0,0,0.0,0,0,0.0,75.0,0,75.0,75.0
651,32.0,0,0.0,0,0,0.0,32.0,0,32.0,32.0
652,87.0,0,0.0,1,0,0.0,87.0,1,86.0,87.0
653,58.0,0,0.0,16,0,0.0,58.0,16,42.0,58.0
654,67.0,0,0.0,2,0,0.0,67.0,2,65.0,67.0
655,86.0,0,0.0,2,0,0.0,86.0,2,84.0,86.0
656,31.0,0,0.0,6,0,0.0,31.0,6,25.0,31.0
657,51.0,0,0.0,5,0,0.0,51.0,5,46.0,51.0
658,57.0,0,0.0,0,0,0.0,57.0,0,57.0,57.0
659,25.0,0,0.0,13,0,0.0,25.0,13,12.0,25.0
660,80.0,0,0.0,0,0,0.0,80.0,0,80.0,80.0
661,35.0,0,0.0,1,0,0.0,35.0,1,34.0,35.0
662,85.0,0,0.0,2,0,0.0,85.0,2,83.0,85.0
663,46.0,0,0.0,2,0,0.0,46.0,2,44.0,46.0
664,56.0,0,0.0,0,0,0.0,56.0,0,56.0,56.0
665,74.0,0,0.0,3,0,0.0,74.0,3,71.0,74.0
666,51.0,0,0.0,1,0,0.0,51.0,1,50.0,51.0
667,83.0,0,0.0,2,0,0.0,83.0,2,81.0,83.0
668,51.0,0,0.0,0,0,0.0,51.0,0,51.0,51.0
669,36.0,0,0.0,11,0,0.0,36.0,11,25.0,36.0
670,57.0,0,0.0,0,0,0.0,57.0,0,57.0,57.0
671,36.0,0,0.0,1,0,0.0,36.0,1,35.0,36.0
672,79.0,0,0.0,10,0,0.0,79.0,10,69.0,79.0
673,34.0,0,0.0,0,0,0.0,34.0,0,34.0,34.0
674,68.0,0,0.0,1,0,0.0,68.0,1,67.0,68.0
675,82.0,0,0.0,0,0,0.0,82.0,0,82.0,82.0
676,19.0,0,0.0,0,0,0.0,19.0,0,19.0,19.0
677,96.0,0,0.0,1,0,0.0,96.0,1,95.0,96.0
678,38.0,0,0.0,0,0,0.0,38.0,0,38.0,38.0
679,70.0,0,0.0,3,0,0.0,70.0,3,67.0,70.0
680,76.0,0,0.0,4,0,0.0,76.0,4,72.0,76.0
681,77.0,0,0.0,11,0,0.0,77.0,11,66.0,77.0
682,81.0,0,0.0,2,0,0.0,81.0,2,79.0,81.0
683,57.0,0,0.0,15,0,0.0,57.0,15,42.0,57.0
684,61.0,0,0.0,2,0,0.0,61.0,2,59.0,61.0
685,72.0,0,0.0,2,0,0.0,72.0,2,70.0,72.0
686,65.0,0,0.0,2,0,0.0,65.0,2,63.0,65.0
687,62.0,0,0.0,0,0,0.0,62.0,0,62.0,62.0
688,78.0,0,0.0,6,0,0.0,78.0,6,72.0,78.0
689,62.0,0,0.0,2,0,0.0,62.0,2,60.0,62.0
690,24.0,0,0.0,2,0,0.0,24.0,2,22.0,24.0
691,47.0,0,0.0,4,0,0.0,47.0,4,43.0,47.0
692,75.0,0,0.0,0,0,0.0,75.0,0,75.0,75.0
693,60.0,0,0.0,0,0,0.0,60.0,0,60.0,60.0
694,55.0,0,0.0,2,0,0.0,55.0,2,53.0,55.0
695,34.0,0,0.0,0,0,0.0,34.0,0,34.0,34.0
696,57.0,0,0.0,2,0,0.0,57.0,2,55.0,57.0
697,24.0,0,0.0,0,0,0.0,24.0,0,24.0,24.0
698,37.0,0,0.0,0,0,0.0,37.0,0,37.0,37.0
699,76.0,0,0.0,1,0,0.0,76.0,1,75.0,76.0
700,65.0,0,0.0,1,0,0.0,65.0,1,64.0,65.0
701,63.0,0,0.0,1,0,0.0,63.0,1,62.0,63.0
702,17.0,0,0.0,1,0,0.0,17.0,1,16.0,17.0
703,15.0,0,0.0,3,0,0.0,15.0,3,12.0,15.0
704,63.0,0,0.0,1,0,0.0,63.0,1,62.0,63.0
705,73.0,0,0.0,0,0,0.0,73.0,0,73.0,73.0
706,65.0,0,0.0,0,0,0.0,65.0,0,65.0,65.0
707,80.0,0,0.0,0,0,0.0,80.0,0,80.0,80.0
708,71.0,0,0.0,2,0,0.0,71.0,2,69.0,71.0
709,67.0,0,0.0,11,0,0.0,67.0,11,56.0,67.0
710,74.0,0,0.0,2,0,0.0,74.0,2,72.0,74.0
711,56.0,0,0.0,3,0,0.0,56.0,3,53.0,56.0
712,39.0,0,0.0,1,0,0.0,39.0,1,38.0,39.0
713,48.0,0,0.0,8,0,0.0,48.0,8,40.0,48.0
714,74.0,0,0.0,1,0,0.0,74.0,1,73.0,74.0
715,83.0,0,0.0,3,0,0.0,83.0,3,80.0,83.0
716,52.0,0,0.0,0,0,0.0,52.0,0,52.0,52.0
717,73.0,0,0.0,1,0,0.0,73.0,1,72.0,73.0
718,69.0,0,0.0,3,0,0.0,69.0,3,66.0,69.0
719,63.0,0,0.0,0,0,0.0,63.0,0,63.0,63.0
720,65.0,0,0.0,2,0,0.0,65.0,2,63.0,65.0
721,28.0,0,0.0,7,0,0.0,28.0,7,21.0,28.0
722,69.0,0,0.0,0,0,0.0,69.0,0,69.0,69.0
723,70.0,0,0.0,4,0,0.0,70.0,4,66.0,70.0
724,60.0,0,0.0,8,0,0.0,60.0,8,52.0,60.0
725,91.0,0,0.0,24,0,0.0,91.0,24,67.0,91.0
726,74.0,0,0.0,9,0,0.0,74.0,9,65.0,74.0
727,70.0,0,0.0,5,0,0.0,70.0,5,65.0,70.0
728,65.0,0,0.0,7,0,0.0,65.0,7,58.0,65.0
729,79.0,0,0.0,1,0,0.0,79.0,1,78.0,79.0
730,89.0,0,0.0,3,0,0.0,89.0,3,86.0,89.0
731,68.0,0,0.0,1,0,0.0,68.0,1,67.0,68.0
732,75.0,0,0.0,2,0,0.0,75.0,2,73.0,75.0
733,41.0,0,0.0,1,0,0.0,41.0,1,40.0,41.0
734,64.0,0,0.0,6,0,0.0,64.0,6,58.0,64.0
735,48.0,0,0.0,0,0,0.0,48.0,0,48.0,48.0
736,83.0,0,0.0,11,0,0.0,83.0,11,72.0,83.0
737,68.0,0,0.0,7,0,0.0,68.0,7,61.0,68.0
738,53.0,0,0.0,0,0,0.0,53.0,0,53.0,53.0
739,83.0,0,0.0,5,0,0.0,83.0,5,78.0,83.0
740,82.0,0,0.0,2,0,0.0,82.0,2,80.0,82.0
741,78.0,0,0.0,1,0,0.0,78.0,1,77.0,78.0
742,87.0,0,0.0,3,0,0.0,87.0,3,84.0,87.0
743,67.0,0,0.0,2,0,0.0,67.0,2,65.0,67.0
744,79.0,0,0.0,6,0,0.0,79.0,6,73.0,79.0
745,85.0,0,0.0,1,0,0.0,85.0,1,84.0,85.0
746,62.0,0,0.0,2,0,0.0,62.0,2,60.0,62.0
747,28.0,0,0.0,2,0,0.0,28.0,2,26.0,28.0
748,62.0,0,0.0,3,0,0.0,62.0,3,59.0,62.0
749,31.0,0,0.0,14,0,0.0,31.0,14,17.0,31.0
750,11.0,0,0.0,0,0,0.0,11.0,0,11.0,11.0
751,60.0,0,0.0,22,0,0.0,60.0,22,38.0,60.0
752,25.0,0,0.0,2,0,0.0,25.0,2,23.0,25.0
753,46.0,0,0.0,6,0,0.0,46.0,6,40.0,46.0
754,33.0,0,0.0,8,0,0.0,33.0,8,25.0,33.0
755,41.0,0,0.0,12,0,0.0,41.0,12,29.0,41.0
756,70.0,0,0.0,2,0,0.0,70.0,2,68.0,70.0
757,77.0,0,0.0,6,0,0.0,77.0,6,71.0,77.0
758,64.0,0,0.0,2,0,0.0,64.0,2,62.0,64.0
759,20.0,0,0.0,5,0,0.0,20.0,5,15.0,20.0
760,36.0,0,0.0,4,0,0.0,36.0,4,32.0,36.0
761,20.0,0,0.0,2,0,0.0,20.0,2,18.0,20.0
762,43.0,0,0.0,11,0,0.0,43.0,11,32.0,43.0
763,70.0,0,0.0,1,0,0.0,70.0,1,69.0,70.0
764,21.0,0,0.0,2,0,0.0,21.0,2,19.0,21.0
765,37.0,0,0.0,4,0,0.0,37.0,4,33.0,37.0
766,35.0,0,0.0,1,0,0.0,35.0,1,34.0,35.0
767,26.0,0,0.0,0,0,0.0,26.0,0,26.0,26.0
768,53.0,0,0.0,0,0,0.0,53.0,0,53.0,53.0
769,37.0,0,0.0,2,0,0.0,37.0,2,35.0,37.0
770,50.0,0,0.0,2,0,0.0,50.0,2,48.0,50.0
771,34.0,0,0.0,0,0,0.0,34.0,0,34.0,34.0
772,73.0,0,0.0,18,0,0.0,73.0,18,55.0,73.0
773,51.0,0,0.0,0,0,0.0,51.0,0,51.0,51.0
774,45.0,0,0.0,4,0,0.0,45.0,4,41.0,45.0
775,50.0,0,0.0,1,0,0.0,50.0,1,49.0,50.0
776,51.0,0,0.0,18,0,0.0,51.0,18,33.0,51.0
777,58.0,0,0.0,0,0,0.0,58.0,0,58.0,58.0
778,16.0,0,0.0,5,0,0.0,16.0,5,11.0,16.0
779,32.0,0,0.0,2,0,0.0,32.0,2,30.0,32.0
780,38.0,0,0.0,3,0,0.0,38.0,3,35.0,38.0
781,30.0,0,0.0,9,0,0.0,30.0,9,21.0,30.0
782,43.0,0,0.0,1,0,0.0,43.0,1,42.0,43.0
783,33.0,0,0.0,2,0,0.0,33.0,2,31.0,33.0
784,33.0,0,0.0,2,0,0.0,33.0,2,31.0,33.0
785,37.0,0,0.0,1,0,0.0,37.0,1,36.0,37.0
786,48.0,0,0.0,1,0,0.0,48.0,1,47.0,48.0
787,35.0,0,0.0,1,0,0.0,35.0,1,34.0,35.0
788,46.0,0,0.0,1,0,0.0,46.0,1,45.0,46.0
789,79.0,0,0.0,7,0,0.0,79.0,7,72.0,79.0
790,45.0,0,0.0,0,0,0.0,45.0,0,45.0,45.0
791,35.0,0,0.0,3,0,0.0,35.0,3,32.0,35.0
792,34.0,0,0.0,0,0,0.0,34.0,0,34.0,34.0
793,36.0,0,0.0,2,0,0.0,36.0,2,34.0,36.0
794,64.0,0,0.0,1,0,0.0,64.0,1,63.0,64.0
795,31.0,0,0.0,0,0,0.0,31.0,0,31.0,31.0
796,55.0,0,0.0,2,0,0.0,55.0,2,53.0,55.0
797,33.0,0,0.0,0,0,0.0,33.0,0,33.0,33.0
798,39.0,0,0.0,2,0,0.0,39.0,2,37.0,39.0
799,75.0,0,0.0,5,0,0.0,75.0,5,70.0,75.0
800,41.0,0,0.0,1,0,0.0,41.0,1,40.0,41.0
801,52.0,0,0.0,1,0,0.0,52.0,1,51.0,52.0
802,33.0,0,0.0,0,0,0.0,33.0,0,33.0,33.0
803,37.0,0,0.0,1,0,0.0,37.0,1,36.0,37.0
804,76.0,0,0.0,3,0,0.0,76.0,3,73.0,76.0
805,51.0,0,0.0,7,0,0.0,51.0,7,44.0,51.0
806,17.0,0,0.0,1,0,0.0,17.0,1,16.0,17.0
807,29.0,0,0.0,4,0,0.0,29.0,4,25.0,29.0
808,19.0,0,0.0,0,0,0.0,19.0,0,19.0,19.0
809,80.0,0,0.0,2,0,0.0,80.0,2,78.0,80.0
810,46.0,0,0.0,0,0,0.0,46.0,0,46.0,46.0
811,75.0,0,0.0,0,0,0.0,75.0,0,75.0,75.0
812,69.0,0,0.0,1,0,0.0,69.0,1,68.0,69.0
813,65.0,0,0.0,2,0,0.0,65.0,2,63.0,65.0
814,32.0,0,0.0,4,0,0.0,32.0,4,28.0,32.0
815,42.0,0,0.0,6,0,0.0,42.0,6,36.0,42.0
816,24.0,0,0.0,1,0,0.0,24.0,1,23.0,24.0
817,39.0,0,0.0,1,0,0.0,39.0,1,38.0,39.0
818,45.0,0,0.0,20,0,0.0,45.0,20,25.0,45.0
819,61.0,0,0.0,2,0,0.0,61.0,2,59.0,61.0
820,35.0,0,0.0,0,0,0.0,35.0,0,35.0,35.0
821,56.0,0,0.0,2,0,0.0,56.0,2,54.0,56.0
822,57.0,0,0.0,2,0,0.0,57.0,2,55.0,57.0
823,32.0,0,0.0,1,0,0.0,32.0,1,31.0,32.0
824,40.0,0,0.0,0,0,0.0,40.0,0,40.0,40.0
825,23.0,0,0.0,12,0,0.0,23.0,12,11.0,23.0
826,41.0,0,0.0,24,0,0.0,41.0,24,17.0,41.0
827,59.0,0,0.0,1,0,0.0,59.0,1,58.0,59.0
828,24.0,0,0.0,0,0,0.0,24.0,0,24.0,24.0
829,37.0,0,0.0,1,0,0.0,37.0,1,36.0,37.0
830,60.0,0,0.0,2,0,0.0,60.0,2,58.0,60.0
831,79.0,0,0.0,2,0,0.0,79.0,2,77.0,79.0
832,70.0,0,0.0,0,0,0.0,70.0,0,70.0,70.0
833,31.0,0,0.0,0,0,0.0,31.0,0,31.0,31.0
834,49.0,0,0.0,1,0,0.0,49.0,1,48.0,49.0
835,15.0,0,0.0,0,0,0.0,15.0,0,15.0,15.0
836,15.0,0,0.0,1,0,0.0,15.0,1,14.0,15.0
837,63.0,0,0.0,1,0,0.0,63.0,1,62.0,63.0
838,62.0,0,0.0,3,0,0.0,62.0,3,59.0,62.0
839,56.0,0,0.0,11,0,0.0,56.0,11,45.0,56.0
840,56.0,0,0.0,3,0,0.0,56.0,3,53.0,56.0
841,69.0,0,0.0,3,0,0.0,69.0,3,66.0,69.0
842,51.0,0,0.0,1,0,0.0,51.0,1,50.0,51.0
843,23.0,0,0.0,1,0,0.0,23.0,1,22.0,23.0
844,41.0,0,0.0,1,0,0.0,41.0,1,40.0,41.0
845,33.0,0,0.0,1,0,0.0,33.0,1,32.0,33.0
846,33.0,0,0.0,1,0,0.0,33.0,1,32.0,33.0
847,56.0,0,0.0,2,0,0.0,56.0,2,54.0,56.0
848,41.0,0,0.0,0,0,0.0,41.0,0,41.0,41.0
849,42.0,0,0.0,3,0,0.0,42.0,3,39.0,42.0
850,37.0,0,0.0,0,0,0.0,37.0,0,37.0,37.0
851,32.0,0,0.0,1,0,0.0,32.0,1,31.0,32.0
852,53.0,0,0.0,7,0,0.0,53.0,7,46.0,53.0
853,78.0,0,0.0,8,0,0.0,78.0,8,70.0,78.0
854,28.0,0,0.0,3,0,0.0,28.0,3,25.0,28.0
855,39.0,0,0.0,2,0,0.0,39.0,2,37.0,39.0
856,45.0,0,0.0,1,0,0.0,45.0,1,44.0,45.0
857,37.0,0,0.0,5,0,0.0,37.0,5,32.0,37.0
858,50.0,0,0.0,4,0,0.0,50.0,4,46.0,50.0
859,29.0,0,0.0,0,0,0.0,29.0,0,29.0,29.0
860,34.0,0,0.0,2,0,0.0,34.0,2,32.0,34.0
861,64.0,0,0.0,9,0,0.0,64.0,9,55.0,64.0
862,44.0,0,0.0,10,0,0.0,44.0,10,34.0,44.0
863,42.0,0,0.0,3,0,0.0,42.0,3,39.0,42.0
864,53.0,0,0.0,1,0,0.0,53.0,1,52.0,53.0
865,62.0,0,0.0,5,0,0.0,62.0,5,57.0,62.0
866,47.0,0,0.0,1,0,0.0,47.0,1,46.0,47.0
867,34.0,0,0.0,8,0,0.0,34.0,8,26.0,34.0
868,46.0,0,0.0,0,0,0.0,46.0,0,46.0,46.0
869,33.0,0,0.0,5,0,0.0,33.0,5,28.0,33.0
870,77.0,0,0.0,0,0,0.0,77.0,0,77.0,77.0
871,82.0,0,0.0,14,0,0.0,82.0,14,68.0,82.0
872,17.0,0,0.0,1,0,0.0,17.0,1,16.0,17.0
873,61.0,0,0.0,2,0,0.0,61.0,2,59.0,61.0
874,47.0,0,0.0,0,0,0.0,47.0,0,47.0,47.0
875,40.0,0,0.0,4,0,0.0,40.0,4,36.0,40.0
876,39.0,0,0.0,8,0,0.0,39.0,8,31.0,39.0
877,32.0,0,0.0,3,0,0.0,32.0,3,29.0,32.0
878,71.0,0,0.0,1,0,0.0,71.0,1,70.0,71.0
879,45.0,0,0.0,0,0,0.0,45.0,0,45.0,45.0
880,14.0,0,0.0,2,0,0.0,14.0,2,12.0,14.0
881,60.0,0,0.0,0,0,0.0,60.0,0,60.0,60.0
882,29.0,0,0.0,2,0,0.0,29.0,2,27.0,29.0
883,49.0,0,0.0,8,0,0.0,49.0,8,41.0,49.0
884,67.0,0,0.0,9,0,0.0,67.0,9,58.0,67.0
885,71.0,0,0.0,9,0,0.0,71.0,9,62.0,71.0
886,47.0,0,0.0,0,0,0.0,47.0,0,47.0,47.0
887,26.0,0,0.0,3,0,0.0,26.0,3,23.0,26.0
888,61.0,0,0.0,13,0,0.0,61.0,13,48.0,61.0
889,74.0,0,0.0,13,0,0.0,74.0,13,61.0,74.0
890,72.0,0,0.0,3,0,0.0,72.0,3,69.0,72.0
891,73.0,0,0.0,0,0,0.0,73.0,0,73.0,73.0
892,22.0,0,0.0,1,0,0.0,22.0,1,21.0,22.0
893,73.0,0,0.0,14,0,0.0,73.0,14,59.0,73.0
894,72.0,0,0.0,2,0,0.0,72.0,2,70.0,72.0
895,34.0,0,0.0,1,0,0.0,34.0,1,33.0,34.0
896,66.0,0,0.0,13,0,0.0,66.0,13,53.0,66.0
897,75.0,0,0.0,1,0,0.0,75.0,1,74.0,75.0
898,73.0,0,0.0,8,0,0.0,73.0,8,65.0,73.0
899,81.0,0,0.0,1,0,0.0,81.0,1,80.0,81.0
900,65.0,0,0.0,5,0,0.0,65.0,5,60.0,65.0
901,33.0,0,0.0,0,0,0.0,33.0,0,33.0,33.0
902,54.0,0,0.0,1,0,0.0,54.0,1,53.0,54.0
903,52.0,0,0.0,0,0,0.0,52.0,0,52.0,52.0
904,49.0,0,0.0,2,0,0.0,49.0,2,47.0,49.0
905,37.0,0,0.0,10,0,0.0,37.0,10,27.0,37.0
906,76.0,0,0.0,1,0,0.0,76.0,1,75.0,76.0
907,41.0,0,0.0,4,0,0.0,41.0,4,37.0,41.0
908,61.0,0,0.0,0,0,0.0,61.0,0,61.0,61.0
